Name,Time, , Duration,Note
Baby,22. 5. 16 22:25,4 hrs 56 min,
Baby,23. 5. 16 03:45,3 hrs 49 min,
Baby,23. 5. 16 13:00,,
Baby,23. 5. 16 13:00,1 hr 40 min,
Baby,23. 5. 16 15:30,3 hrs 44 min,
Baby,23. 5. 16 22:05,2 hrs 2 min,
Baby,24. 5. 16 01:12,2 hrs 38 min,
Baby,24. 5. 16 04:26,3 hrs 6 min,
Baby,24. 5. 16 08:27,2 hrs 38 min,
Baby,24. 5. 16 12:45,1 hr 48 min,
Baby,24. 5. 16 17:19,1 hr 48 min,
Baby,24. 5. 16 21:40,2 hrs 45 min,
Baby,25. 5. 16 00:44,3 hrs 16 min,
Baby,25. 5. 16 04:30,2 hrs 52 min,
Baby,25. 5. 16 08:36,1 hr 34 min,
Baby,25. 5. 16 10:50,2 hrs 15 min,
Baby,25. 5. 16 15:25,55 min,
Baby,25. 5. 16 18:19,13 min,
Baby,25. 5. 16 21:25,6 hrs 20 min,
Baby,26. 5. 16 02:03,3 hrs 47 min,
Baby,26. 5. 16 07:11,1 hr 45 min,
Baby,26. 5. 16 09:33,1 hr 28 min,
Baby,26. 5. 16 12:25,1 hr 1 min,
Baby,26. 5. 16 15:23,57 min,
Baby,26. 5. 16 19:25,25 min,
Baby,26. 5. 16 22:29,5 hrs 13 min,
Baby,27. 5. 16 04:20,3 hrs 5 min,
Baby,27. 5. 16 09:21,57 min,
Baby,27. 5. 16 17:50,15 min,
Baby,27. 5. 16 21:34,4 hrs 56 min,
Baby,28. 5. 16 02:50,4 hrs 18 min,
Baby,28. 5. 16 07:40,3 hrs 20 min,
Baby,28. 5. 16 13:14,26 min,
Baby,28. 5. 16 15:30,45 min,
Baby,28. 5. 16 20:50,3 hrs 52 min,
Baby,29. 5. 16 01:16,3 hrs 54 min,
Baby,29. 5. 16 05:53,1 hr 21 min,
Baby,29. 5. 16 07:42,1 hr 24 min,
Baby,29. 5. 16 11:31,20 min,
Baby,29. 5. 16 12:46,3 hrs 14 min,
Baby,29. 5. 16 17:28,1 hr 18 min,
Baby,29. 5. 16 22:48,2 hrs 46 min,
Baby,30. 5. 16 02:20,4 hrs 3 min,
Baby,30. 5. 16 07:42,1 hr 42 min,
Baby,30. 5. 16 11:15,4 hrs 9 min,
Baby,30. 5. 16 17:00,33 min,
Baby,30. 5. 16 22:10,4 hrs 20 min,
Baby,31. 5. 16 05:50,3 hrs 15 min,
Baby,31. 5. 16 10:08,2 hrs 22 min,
Baby,31. 5. 16 18:04,2 hrs 18 min,
Baby,31. 5. 16 20:42,2 hrs 7 min,
Baby,1. 6. 16 01:07,2 hrs 42 min,
Baby,1. 6. 16 04:18,3 hrs 18 min,
Baby,1. 6. 16 08:11,2 hrs 40 min,
Baby,1. 6. 16 12:21,1 hr 51 min,
Baby,1. 6. 16 15:39,47 min,
Baby,1. 6. 16 17:44,1 hr 54 min,
Baby,1. 6. 16 21:37,35 min,
Baby,1. 6. 16 23:15,4 hrs 45 min,
Baby,2. 6. 16 04:30,3 hrs 42 min,
Baby,2. 6. 16 09:10,2 hrs 2 min,
Baby,2. 6. 16 12:47,2 hrs 59 min,
Baby,2. 6. 16 18:04,1 hr,
Baby,2. 6. 16 20:34,55 min,
Baby,2. 6. 16 23:16,2 hrs 44 min,
Baby,3. 6. 16 02:30,4 hrs 55 min,
Baby,3. 6. 16 09:27,51 min,
Baby,3. 6. 16 10:48,1 hr 15 min,
Baby,3. 6. 16 13:58,32 min,
Baby,3. 6. 16 16:25,2 hrs 52 min,
Baby,3. 6. 16 22:28,4 hrs 37 min,
Baby,4. 6. 16 03:30,4 hrs 4 min,
Baby,4. 6. 16 09:05,2 hrs 13 min,
Baby,4. 6. 16 13:25,43 min,
Baby,4. 6. 16 19:52,29 min,
Baby,4. 6. 16 22:18,3 hrs 28 min,
Baby,5. 6. 16 02:17,4 hrs 8 min,
Baby,5. 6. 16 07:15,3 hrs 41 min,
Baby,5. 6. 16 13:20,32 min,
Baby,5. 6. 16 15:24,1 hr 22 min,
Baby,5. 6. 16 18:48,27 min,
Baby,5. 6. 16 22:10,5 hrs,
Baby,6. 6. 16 03:30,4 hrs 30 min,
Baby,6. 6. 16 09:04,2 hrs 56 min,
Baby,6. 6. 16 14:11,1 hr 20 min,
Baby,6. 6. 16 17:15,55 min,
Baby,6. 6. 16 21:23,3 hrs 9 min,
Baby,7. 6. 16 03:00,3 hrs 30 min,
Baby,7. 6. 16 06:41,2 hrs 34 min,
Baby,7. 6. 16 12:06,2 hrs 20 min,
Baby,7. 6. 16 16:23,3 hrs 43 min,
Baby,7. 6. 16 23:08,4 hrs 12 min,
Baby,8. 6. 16 04:20,3 hrs 31 min,
Baby,8. 6. 16 08:35,54 min,
Baby,8. 6. 16 11:33,2 hrs 23 min,
Baby,8. 6. 16 15:49,50 min,
Baby,8. 6. 16 19:01,55 min,
Baby,8. 6. 16 22:24,3 hrs 6 min,
Baby,9. 6. 16 02:15,5 hrs 5 min,
Baby,9. 6. 16 08:28,2 hrs 27 min,
Baby,9. 6. 16 13:11,2 hrs 6 min,
Baby,9. 6. 16 17:29,1 hr 26 min,
Baby,9. 6. 16 21:20,4 hrs 56 min,
Baby,10. 6. 16 04:20,1 hr 33 min,
Baby,10. 6. 16 07:50,2 hrs 24 min,
Baby,10. 6. 16 11:38,2 hrs 22 min,
Baby,10. 6. 16 15:40,1 hr 40 min,
Baby,10. 6. 16 19:44,43 min,
Baby,10. 6. 16 22:57,42 min,
Baby,11. 6. 16 01:23,4 hrs 17 min,
Baby,11. 6. 16 05:20,4 hrs 40 min,
Baby,11. 6. 16 12:38,2 hrs 7 min,
Baby,11. 6. 16 16:26,58 min,
Baby,11. 6. 16 19:16,44 min,
Baby,11. 6. 16 22:18,5 hrs 2 min,
Baby,12. 6. 16 03:45,5 hrs 17 min,
Baby,12. 6. 16 11:29,22 min,
Baby,12. 6. 16 12:48,2 hrs 30 min,
Baby,12. 6. 16 17:56,36 min,
Baby,12. 6. 16 20:37,40 min,
Baby,12. 6. 16 22:44,4 hrs 6 min,
Baby,13. 6. 16 03:35,5 hrs,
Baby,13. 6. 16 09:45,1 hr 38 min,
Baby,13. 6. 16 12:50,40 min,
Baby,13. 6. 16 14:23,50 min,
Baby,13. 6. 16 16:24,1 hr 33 min,
Baby,13. 6. 16 19:57,41 min,
Baby,13. 6. 16 22:15,7 hrs,
Baby,14. 6. 16 06:41,2 hrs 39 min,
Baby,14. 6. 16 10:48,1 hr 44 min,
Baby,14. 6. 16 16:04,1 hr 36 min,
Baby,14. 6. 16 20:47,40 min,
Baby,14. 6. 16 22:52,3 hrs 28 min,
Baby,15. 6. 16 03:00,4 hrs 41 min,
Baby,15. 6. 16 09:04,2 hrs 32 min,
Baby,15. 6. 16 14:13,16 min,
Baby,15. 6. 16 19:43,1 hr 12 min,
Baby,15. 6. 16 22:55,3 hrs 20 min,
Baby,16. 6. 16 03:05,4 hrs 39 min,
Baby,16. 6. 16 10:08,42 min,
Baby,16. 6. 16 11:45,1 hr 50 min,
Baby,16. 6. 16 15:16,1 hr 49 min,
Baby,16. 6. 16 18:34,41 min,
Baby,16. 6. 16 21:03,1 hr 49 min,
Baby,16. 6. 16 23:26,4 hrs 38 min,
Baby,17. 6. 16 04:55,4 hrs 41 min,
Baby,17. 6. 16 12:20,2 hrs 40 min,
Baby,17. 6. 16 15:30,1 hr,
Baby,17. 6. 16 17:50,40 min,
Baby,17. 6. 16 21:05,2 hrs 15 min,
Baby,18. 6. 16 01:18,4 hrs 33 min,
Baby,18. 6. 16 06:55,2 hrs 5 min,
Baby,18. 6. 16 11:00,30 min,
Baby,18. 6. 16 13:30,30 min,
Baby,18. 6. 16 16:00,30 min,
Baby,18. 6. 16 17:43,2 hrs 6 min,
Baby,18. 6. 16 22:11,6 hrs 30 min,
Baby,19. 6. 16 05:50,3 hrs 54 min,
Baby,19. 6. 16 11:23,1 hr 22 min,
Baby,19. 6. 16 14:49,35 min,
Baby,19. 6. 16 16:37,43 min,
Baby,19. 6. 16 19:21,35 min,
Baby,19. 6. 16 22:11,6 hrs 34 min,
Baby,20. 6. 16 06:30,3 hrs 44 min,
Baby,20. 6. 16 12:24,1 hr 25 min,
Baby,20. 6. 16 15:19,54 min,
Baby,20. 6. 16 17:36,2 hrs 33 min,
Baby,20. 6. 16 22:35,5 hrs 55 min,
Baby,21. 6. 16 05:30,2 hrs 20 min,
Baby,21. 6. 16 14:54,23 min,
Baby,21. 6. 16 15:47,3 hrs 25 min,
Baby,21. 6. 16 22:01,4 hrs 39 min,
Baby,22. 6. 16 03:30,4 hrs 36 min,
Baby,22. 6. 16 10:02,2 hrs 20 min,
Baby,22. 6. 16 14:06,1 hr 32 min,
Baby,22. 6. 16 18:27,29 min,
Baby,22. 6. 16 20:21,36 min,
Baby,22. 6. 16 22:58,5 hrs 7 min,
Baby,23. 6. 16 04:45,2 hrs 48 min,
Baby,23. 6. 16 08:38,2 hrs 1 min,
Baby,23. 6. 16 12:27,48 min,
Baby,23. 6. 16 16:09,1 hr 7 min,
Baby,23. 6. 16 19:38,40 min,
Baby,23. 6. 16 22:23,5 hrs 25 min,
Baby,24. 6. 16 04:03,2 hrs 59 min,
Baby,24. 6. 16 07:50,2 hrs 11 min,
Baby,24. 6. 16 11:47,1 hr 41 min,
Baby,24. 6. 16 15:09,1 hr 5 min,
Baby,24. 6. 16 17:19,1 hr 27 min,
Baby,24. 6. 16 21:05,36 min,
Baby,24. 6. 16 23:03,5 hrs 25 min,
Baby,25. 6. 16 04:42,3 hrs 13 min,
Baby,25. 6. 16 09:16,1 hr 45 min,
Baby,25. 6. 16 12:52,42 min,
Baby,25. 6. 16 15:06,2 hrs 34 min,
Baby,25. 6. 16 21:37,40 min,
Baby,25. 6. 16 23:26,8 hrs 14 min,
Baby,26. 6. 16 09:08,3 hrs 8 min,
Baby,26. 6. 16 14:30,1 hr 20 min,
Baby,26. 6. 16 17:47,1 hr 49 min,
Baby,26. 6. 16 21:20,34 min,
Baby,27. 6. 16 00:03,7 hrs 23 min,
Baby,27. 6. 16 09:08,2 hrs 11 min,
Baby,27. 6. 16 12:49,29 min,
Baby,27. 6. 16 14:53,35 min,
Baby,27. 6. 16 16:16,1 hr 56 min,
Baby,27. 6. 16 21:28,26 min,
Baby,27. 6. 16 23:24,5 hrs 25 min,
Baby,28. 6. 16 06:45,3 hrs 25 min,
Baby,28. 6. 16 12:13,1 hr 31 min,
Baby,28. 6. 16 16:00,40 min,
Baby,28. 6. 16 18:29,47 min,
Baby,28. 6. 16 21:02,34 min,
Baby,29. 6. 16 00:20,6 hrs 40 min,
Baby,29. 6. 16 09:01,1 hr 34 min,
Baby,29. 6. 16 12:16,3 hrs 4 min,
Baby,29. 6. 16 17:24,1 hr 28 min,
Baby,29. 6. 16 21:14,33 min,
Baby,30. 6. 16 00:07,9 hrs 1 min,
Baby,30. 6. 16 10:31,1 hr 58 min,
Baby,30. 6. 16 14:19,1 hr 50 min,
Baby,30. 6. 16 17:55,40 min,
Baby,30. 6. 16 20:11,39 min,
Baby,30. 6. 16 23:22,9 hrs 3 min,
Baby,1. 7. 16 10:05,2 hrs 14 min,
Baby,1. 7. 16 14:33,40 min,
Baby,1. 7. 16 17:05,44 min,
Baby,1. 7. 16 19:40,46 min,
Baby,1. 7. 16 22:37,5 hrs 3 min,
Baby,2. 7. 16 05:50,4 hrs,
Baby,2. 7. 16 12:00,37 min,
Baby,2. 7. 16 14:34,3 hrs 49 min,
Baby,2. 7. 16 21:48,8 hrs 33 min,
Baby,3. 7. 16 07:30,2 hrs 20 min,
Baby,3. 7. 16 12:32,1 hr 32 min,
Baby,3. 7. 16 16:29,40 min,
Baby,3. 7. 16 19:07,44 min,
Baby,3. 7. 16 22:58,30 min,
Baby,4. 7. 16 01:01,6 hrs 39 min,
Baby,4. 7. 16 08:55,2 hrs 55 min,
Baby,4. 7. 16 13:40,3 hrs 1 min,
Baby,4. 7. 16 18:20,44 min,
Baby,4. 7. 16 21:20,41 min,
Baby,5. 7. 16 00:30,6 hrs 35 min,
Baby,5. 7. 16 08:00,2 hrs 40 min,
Baby,5. 7. 16 12:21,2 hrs 34 min,
Baby,5. 7. 16 17:00,2 hrs 37 min,
Baby,5. 7. 16 22:10,7 hrs 57 min,
Baby,6. 7. 16 07:03,2 hrs 42 min,
Baby,6. 7. 16 11:38,1 hr 35 min,
Baby,6. 7. 16 14:54,36 min,
Baby,6. 7. 16 17:33,37 min,
Baby,6. 7. 16 20:41,24 min,
Baby,6. 7. 16 23:39,6 hrs 12 min,
Baby,7. 7. 16 07:01,2 hrs 59 min,
Baby,7. 7. 16 13:08,32 min,
Baby,7. 7. 16 16:20,1 hr 59 min,
Baby,7. 7. 16 22:10,1 hr 15 min,
Baby,8. 7. 16 00:51,7 hrs 9 min,
Baby,8. 7. 16 09:20,2 hrs 21 min,
Baby,8. 7. 16 13:43,1 hr 57 min,
Baby,8. 7. 16 17:43,2 hrs 27 min,
Baby,8. 7. 16 22:32,58 min,
Baby,9. 7. 16 00:50,7 hrs 25 min,
Baby,9. 7. 16 13:09,19 min,
Baby,9. 7. 16 15:18,26 min,
Baby,9. 7. 16 17:18,30 min,
Baby,9. 7. 16 19:55,6 hrs 25 min,
Baby,10. 7. 16 03:23,4 hrs 29 min,
Baby,10. 7. 16 09:32,21 min,
Baby,10. 7. 16 12:00,2 hrs 15 min,
Baby,10. 7. 16 16:50,50 min,
Baby,10. 7. 16 19:30,31 min,
Baby,10. 7. 16 22:20,9 hrs 5 min,
Baby,11. 7. 16 08:41,2 hrs 39 min,
Baby,11. 7. 16 13:11,3 hrs 9 min,
Baby,11. 7. 16 18:04,36 min,
Baby,11. 7. 16 20:05,19 min,
Baby,11. 7. 16 22:05,9 hrs 28 min,
Baby,12. 7. 16 08:34,2 hrs 39 min,
Baby,12. 7. 16 12:56,43 min,
Baby,12. 7. 16 14:57,45 min,
Baby,12. 7. 16 17:17,1 hr 13 min,
Baby,12. 7. 16 21:18,6 hrs 53 min,
Baby,13. 7. 16 04:30,3 hrs 48 min,
Baby,13. 7. 16 09:28,56 min,
Baby,13. 7. 16 12:04,2 hrs 59 min,
Baby,13. 7. 16 17:16,42 min,
Baby,13. 7. 16 22:48,4 hrs 47 min,
Baby,14. 7. 16 05:36,2 hrs 34 min,
Baby,14. 7. 16 09:55,1 hr 20 min,
Baby,14. 7. 16 14:08,54 min,
Baby,14. 7. 16 16:58,27 min,
Baby,14. 7. 16 20:12,25 min,
Baby,14. 7. 16 23:03,4 hrs 27 min,
Baby,15. 7. 16 04:30,6 hrs 30 min,
Baby,15. 7. 16 13:50,1 hr 50 min,
Baby,15. 7. 16 17:05,45 min,
Baby,15. 7. 16 19:58,23 min,
Baby,15. 7. 16 23:15,7 hrs 46 min,
Baby,16. 7. 16 10:09,49 min,
Baby,16. 7. 16 12:51,1 hr 39 min,
Baby,16. 7. 16 15:49,45 min,
Baby,16. 7. 16 19:01,16 min,
Baby,16. 7. 16 20:50,50 min,
Baby,16. 7. 16 23:24,5 hrs 56 min,
Baby,17. 7. 16 06:56,3 hrs 29 min,
Baby,17. 7. 16 14:08,2 hrs 46 min,
Baby,17. 7. 16 18:52,1 hr 1 min,
Baby,17. 7. 16 22:45,9 hrs 29 min,
Baby,18. 7. 16 09:31,2 hrs 39 min,
Baby,18. 7. 16 14:35,40 min,
Baby,18. 7. 16 16:33,56 min,
Baby,18. 7. 16 19:24,30 min,
Baby,18. 7. 16 22:04,7 hrs 46 min,
Baby,19. 7. 16 07:10,3 hrs 10 min,
Baby,19. 7. 16 11:32,35 min,
Baby,19. 7. 16 14:11,44 min,
Baby,19. 7. 16 16:40,1 hr 40 min,
Baby,19. 7. 16 20:25,53 min,
Baby,19. 7. 16 23:12,4 hrs 48 min,
Baby,20. 7. 16 04:30,4 hrs 44 min,
Baby,20. 7. 16 11:43,2 hrs 19 min,
Baby,20. 7. 16 16:17,41 min,
Baby,20. 7. 16 18:14,1 hr 49 min,
Baby,20. 7. 16 22:58,9 hrs 27 min,
Baby,21. 7. 16 09:49,1 hr 34 min,
Baby,21. 7. 16 13:09,43 min,
Baby,21. 7. 16 15:30,50 min,
Baby,21. 7. 16 18:00,53 min,
Baby,21. 7. 16 22:26,9 hrs 14 min,
Baby,22. 7. 16 09:20,1 hr 40 min,
Baby,22. 7. 16 13:06,47 min,
Baby,22. 7. 16 15:35,44 min,
Baby,22. 7. 16 18:00,2 hrs 32 min,
Baby,22. 7. 16 23:46,4 hrs 44 min,
Baby,23. 7. 16 06:44,1 hr 26 min,
Baby,23. 7. 16 11:00,52 min,
Baby,23. 7. 16 13:20,40 min,
Baby,23. 7. 16 16:27,32 min,
Baby,23. 7. 16 18:35,43 min,
Baby,23. 7. 16 22:45,8 hrs 28 min,
Baby,24. 7. 16 08:17,1 hr 53 min,
Baby,24. 7. 16 12:45,23 min,
Baby,24. 7. 16 15:45,1 hr 11 min,
Baby,24. 7. 16 20:16,27 min,
Baby,24. 7. 16 22:30,9 hrs,
Baby,25. 7. 16 09:25,3 hrs 5 min,
Baby,25. 7. 16 14:35,1 hr 9 min,
Baby,25. 7. 16 18:05,50 min,
Baby,25. 7. 16 20:50,53 min,
Baby,26. 7. 16 00:08,7 hrs 42 min,
Baby,26. 7. 16 09:15,40 min,
Baby,26. 7. 16 12:05,1 hr 55 min,
Baby,26. 7. 16 16:30,2 hrs 45 min,
Baby,26. 7. 16 21:35,9 hrs 21 min,
Baby,27. 7. 16 08:10,1 hr 36 min,
Baby,27. 7. 16 11:40,1 hr 45 min,
Baby,27. 7. 16 15:59,40 min,
Baby,27. 7. 16 20:02,1 hr 10 min,
Baby,27. 7. 16 22:50,1 hr 10 min,
Baby,28. 7. 16 01:13,5 hrs 37 min,
Baby,28. 7. 16 07:51,2 hrs 24 min,
Baby,28. 7. 16 12:25,1 hr 45 min,
Baby,28. 7. 16 16:30,1 hr 17 min,
Baby,28. 7. 16 20:18,37 min,
Baby,28. 7. 16 23:35,4 hrs 55 min,
Baby,29. 7. 16 06:45,2 hrs 44 min,
Baby,29. 7. 16 11:31,1 hr 24 min,
Baby,29. 7. 16 15:07,40 min,
Baby,29. 7. 16 17:33,42 min,
Baby,29. 7. 16 20:42,26 min,
Baby,29. 7. 16 23:45,8 hrs 25 min,
Baby,30. 7. 16 09:47,2 hrs 40 min,
Baby,30. 7. 16 15:33,35 min,
Baby,30. 7. 16 17:04,1 hr 32 min,
Baby,30. 7. 16 22:19,8 hrs 29 min,
Baby,31. 7. 16 07:50,56 min,
Baby,31. 7. 16 10:56,42 min,
Baby,31. 7. 16 13:18,2 hrs 13 min,
Baby,31. 7. 16 17:33,42 min,
Baby,31. 7. 16 19:54,41 min,
Baby,31. 7. 16 22:29,8 hrs 12 min,
Baby,1. 8. 16 08:29,1 hr 42 min,
Baby,1. 8. 16 11:24,41 min,
Baby,1. 8. 16 14:52,22 min,
Baby,1. 8. 16 16:23,46 min,
Baby,1. 8. 16 19:54,22 min,
Baby,1. 8. 16 21:59,10 hrs 25 min,
Baby,2. 8. 16 09:57,1 hr 35 min,
Baby,2. 8. 16 14:14,1 hr 23 min,
Baby,2. 8. 16 18:02,1 hr 45 min,
Baby,2. 8. 16 22:15,6 hrs 34 min,
Baby,3. 8. 16 06:23,3 hrs 10 min,
Baby,3. 8. 16 12:20,40 min,
Baby,3. 8. 16 15:01,51 min,
Baby,3. 8. 16 17:15,1 hr 11 min,
Baby,3. 8. 16 21:24,3 hrs 56 min,
Baby,4. 8. 16 02:36,7 hrs 34 min,
Baby,4. 8. 16 13:00,25 min,
Baby,4. 8. 16 14:50,29 min,
Baby,4. 8. 16 16:55,2 hrs 10 min,
Baby,4. 8. 16 21:34,8 hrs 28 min,
Baby,5. 8. 16 07:01,2 hrs 13 min,
Baby,5. 8. 16 11:10,1 hr 30 min,
Baby,5. 8. 16 14:12,58 min,
Baby,5. 8. 16 17:38,1 hr 21 min,
Baby,5. 8. 16 21:50,9 hrs 10 min,
Baby,6. 8. 16 08:17,2 hrs 21 min,
Baby,6. 8. 16 14:00,2 hrs 6 min,
Baby,6. 8. 16 19:24,26 min,
Baby,6. 8. 16 23:19,8 hrs 9 min,
Baby,7. 8. 16 09:10,2 hrs 37 min,
Baby,7. 8. 16 13:27,1 hr 8 min,
Baby,7. 8. 16 16:28,47 min,
Baby,7. 8. 16 22:30,8 hrs 1 min,
Baby,8. 8. 16 07:13,2 hrs 32 min,
Baby,8. 8. 16 12:45,37 min,
Baby,8. 8. 16 15:40,37 min,
Baby,8. 8. 16 18:55,35 min,
Baby,8. 8. 16 22:10,6 hrs 40 min,
Baby,9. 8. 16 06:11,3 hrs 24 min,
Baby,9. 8. 16 11:11,50 min,
Baby,9. 8. 16 14:17,1 hr 24 min,
Baby,9. 8. 16 17:46,30 min,
Baby,9. 8. 16 23:23,8 hrs 2 min,
Baby,10. 8. 16 09:19,2 hrs 42 min,
Baby,10. 8. 16 14:11,51 min,
Baby,22. 5. 17 20:00,11 hrs 10 min,
Baby,23. 5. 17 12:30,1 hr 30 min,
Baby,23. 5. 17 20:20,10 hrs 50 min,
Baby,24. 5. 17 12:30,1 hr 30 min,
Baby,24. 5. 17 19:50,13 hrs,
Baby,25. 5. 17 12:07,2 hrs 13 min,
Baby,25. 5. 17 21:08,10 hrs 12 min,
Baby,26. 5. 17 12:20,2 hrs 25 min,
Baby,26. 5. 17 20:00,11 hrs 25 min,
Baby,27. 5. 17 09:35,2 hrs,
Baby,27. 5. 17 20:50,11 hrs 19 min,
Baby,28. 5. 17 10:50,1 hr 55 min,
Baby,28. 5. 17 15:10,1 hr 43 min,
Baby,28. 5. 17 20:15,55 min,
Baby,28. 5. 17 23:45,6 hrs,
Baby,29. 5. 17 12:15,2 hrs,
Baby,29. 5. 17 19:50,11 hrs 50 min,
Baby,30. 5. 17 12:30,1 hr 30 min,
Baby,30. 5. 17 17:19,2 hrs 21 min,
Baby,30. 5. 17 21:55,9 hrs 25 min,
Baby,31. 5. 17 12:30,2 hrs 30 min,
Baby,31. 5. 17 19:03,12 hrs 12 min,
Baby,1. 6. 17 12:30,1 hr 30 min,
Baby,1. 6. 17 19:50,7 hrs 20 min,
Baby,2. 6. 17 04:10,3 hrs 5 min,
Baby,2. 6. 17 12:30,1 hr 30 min,
Baby,2. 6. 17 19:40,11 hrs 10 min,
Baby,3. 6. 17 10:35,1 hr 35 min,
Baby,3. 6. 17 16:25,1 hr 45 min,
Baby,3. 6. 17 21:25,9 hrs 12 min,
Baby,4. 6. 17 09:50,2 hrs 40 min,
Baby,4. 6. 17 16:15,47 min,
Baby,4. 6. 17 20:25,10 hrs 50 min,
Baby,5. 6. 17 12:30,1 hr 30 min,
Baby,5. 6. 17 19:45,9 hrs 55 min,
Baby,6. 6. 17 12:30,1 hr 30 min,
Baby,6. 6. 17 19:27,11 hrs 53 min,
Baby,7. 6. 17 12:30,1 hr 30 min,
Baby,7. 6. 17 19:50,11 hrs 30 min,
Baby,8. 6. 17 12:30,1 hr 30 min,
Baby,8. 6. 17 20:10,10 hrs 35 min,
Baby,9. 6. 17 12:30,1 hr 30 min,
Baby,9. 6. 17 19:50,9 hrs 45 min,
Baby,10. 6. 17 09:00,55 min,
Baby,10. 6. 17 13:05,2 hrs 8 min,
Baby,10. 6. 17 20:45,11 hrs 40 min,
Baby,11. 6. 17 11:40,45 min,
Baby,11. 6. 17 14:30,2 hrs,
Baby,11. 6. 17 20:49,10 hrs 12 min,
Baby,12. 6. 17 12:30,2 hrs 30 min,
Baby,12. 6. 17 20:53,10 hrs 27 min,
Baby,13. 6. 17 12:30,1 hr 30 min,
Baby,13. 6. 17 20:23,10 hrs 52 min,
Baby,14. 6. 17 12:30,2 hrs 10 min,
Baby,14. 6. 17 19:55,10 hrs 45 min,
Baby,15. 6. 17 10:45,2 hrs,
Baby,15. 6. 17 20:28,9 hrs 2 min,
Baby,16. 6. 17 12:30,2 hrs,
Baby,16. 6. 17 18:20,1 hr 48 min,
Baby,16. 6. 17 22:04,10 hrs 1 min,
Baby,17. 6. 17 12:20,2 hrs 38 min,
Baby,17. 6. 17 20:35,5 hrs 25 min,
Baby,18. 6. 17 04:15,4 hrs 5 min,
Baby,18. 6. 17 12:25,2 hrs 45 min,
Baby,18. 6. 17 21:22,9 hrs 58 min,
Baby,19. 6. 17 12:20,2 hrs 25 min,
Baby,19. 6. 17 20:35,10 hrs 50 min,
Baby,20. 6. 17 12:30,2 hrs,
Baby,20. 6. 17 19:50,11 hrs 25 min,
Baby,21. 6. 17 11:08,1 hr 37 min,
Baby,21. 6. 17 17:00,50 min,
Baby,21. 6. 17 21:03,10 hrs 37 min,
Baby,22. 6. 17 11:45,2 hrs 51 min,
Baby,22. 6. 17 20:05,10 hrs 40 min,
Baby,23. 6. 17 12:30,2 hrs,
Baby,23. 6. 17 19:35,7 hrs 25 min,
Baby,24. 6. 17 04:30,3 hrs 10 min,
Baby,24. 6. 17 12:15,2 hrs 35 min,
Baby,24. 6. 17 20:20,9 hrs 55 min,
Baby,25. 6. 17 09:05,1 hr 40 min,
Baby,25. 6. 17 14:23,2 hrs 57 min,
Baby,25. 6. 17 21:45,9 hrs,
Baby,26. 6. 17 12:20,2 hrs 40 min,
Baby,26. 6. 17 21:00,10 hrs,
Baby,27. 6. 17 12:30,2 hrs,
Baby,27. 6. 17 19:00,2 hrs 55 min,
Baby,27. 6. 17 22:30,8 hrs 50 min,
Baby,28. 6. 17 12:30,2 hrs,
Baby,28. 6. 17 20:00,10 hrs 38 min,
Baby,29. 6. 17 14:00,2 hrs 30 min,
Baby,29. 6. 17 20:57,10 hrs 32 min,
Baby,30. 6. 17 12:30,2 hrs,
Baby,30. 6. 17 18:40,11 hrs 40 min,
Baby,1. 7. 17 10:41,2 hrs 3 min,
Baby,1. 7. 17 16:25,54 min,
Baby,1. 7. 17 21:20,10 hrs 40 min,
Baby,2. 7. 17 12:30,3 hrs,
Baby,2. 7. 17 19:36,11 hrs 19 min,
Baby,3. 7. 17 11:56,2 hrs 12 min,
Baby,3. 7. 17 19:03,10 hrs 32 min,
Baby,4. 7. 17 08:03,2 hrs 27 min,
Baby,4. 7. 17 16:15,1 hr 37 min,
Baby,4. 7. 17 21:26,9 hrs 44 min,
Baby,5. 7. 17 08:58,1 hr 57 min,
Baby,5. 7. 17 14:45,2 hrs 25 min,
Baby,5. 7. 17 22:12,10 hrs 18 min,
Baby,6. 7. 17 14:30,3 hrs,
Baby,6. 7. 17 21:20,9 hrs 35 min,
Baby,7. 7. 17 13:30,2 hrs,
Baby,7. 7. 17 20:21,10 hrs 54 min,
Baby,8. 7. 17 10:52,1 hr 40 min,
Baby,8. 7. 17 17:02,2 hrs 40 min,
Baby,8. 7. 17 21:55,6 hrs 35 min,
Baby,9. 7. 17 10:25,2 hrs 50 min,
Baby,9. 7. 17 16:10,50 min,
Baby,9. 7. 17 21:43,9 hrs 7 min,
Baby,10. 7. 17 12:30,2 hrs,
Baby,10. 7. 17 18:27,56 min,
Baby,10. 7. 17 21:28,9 hrs 32 min,
Baby,11. 7. 17 12:30,2 hrs,
Baby,11. 7. 17 19:10,41 min,
Baby,11. 7. 17 21:22,8 hrs 23 min,
Baby,12. 7. 17 12:30,2 hrs,
Baby,12. 7. 17 17:20,1 hr 4 min,
Baby,12. 7. 17 21:42,8 hrs 58 min,
Baby,13. 7. 17 12:30,2 hrs,
Baby,13. 7. 17 20:00,11 hrs 30 min,
Baby,14. 7. 17 12:30,1 hr 59 min,
Baby,14. 7. 17 22:45,8 hrs 15 min,
Baby,15. 7. 17 10:55,35 min,
Baby,15. 7. 17 16:26,2 hrs 14 min,
Baby,15. 7. 17 22:39,7 hrs 21 min,
Baby,16. 7. 17 10:10,2 hrs 23 min,
Baby,16. 7. 17 15:36,1 hr 23 min,
Baby,16. 7. 17 22:20,7 hrs 50 min,
Baby,17. 7. 17 12:30,2 hrs,
Baby,17. 7. 17 17:29,1 hr 46 min,
Baby,17. 7. 17 22:41,7 hrs 49 min,
Baby,18. 7. 17 12:30,2 hrs,
Baby,18. 7. 17 20:30,10 hrs 20 min,
Baby,19. 7. 17 10:00,45 min,
Baby,19. 7. 17 14:10,2 hrs 34 min,
Baby,19. 7. 17 21:00,8 hrs 45 min,
Baby,20. 7. 17 12:30,2 hrs,
Baby,20. 7. 17 20:10,7 hrs 40 min,
Baby,21. 7. 17 05:40,2 hrs 10 min,
Baby,21. 7. 17 21:34,9 hrs 56 min,
Baby,22. 7. 17 11:20,2 hrs 20 min,
Baby,22. 7. 17 20:05,11 hrs 20 min,
Baby,23. 7. 17 13:38,3 hrs 37 min,
Baby,23. 7. 17 22:08,8 hrs 37 min,
Baby,24. 7. 17 12:30,2 hrs,
Baby,24. 7. 17 19:53,10 hrs 57 min,
Baby,25. 7. 17 12:30,2 hrs,
Baby,25. 7. 17 19:30,10 hrs 50 min,
Baby,26. 7. 17 12:30,2 hrs,
Baby,26. 7. 17 19:45,11 hrs 5 min,
Baby,27. 7. 17 12:30,2 hrs,
Baby,27. 7. 17 19:40,11 hrs 5 min,
Baby,28. 7. 17 11:30,3 hrs,
Baby,28. 7. 17 21:22,8 hrs 28 min,
Baby,29. 7. 17 09:40,2 hrs 35 min,
Baby,29. 7. 17 18:00,2 hrs 30 min,
Baby,29. 7. 17 23:00,8 hrs 50 min,
Baby,30. 7. 17 12:15,30 min,
Baby,30. 7. 17 15:55,2 hrs 5 min,
Baby,30. 7. 17 22:36,7 hrs 54 min,
Baby,31. 7. 17 11:55,1 hr 29 min,
Baby,31. 7. 17 21:10,8 hrs 30 min,
Baby,1. 8. 17 11:00,1 hr,
Baby,1. 8. 17 16:15,2 hrs 40 min,
Baby,1. 8. 17 22:10,7 hrs 50 min,
Baby,2. 8. 17 08:35,1 hr 4 min,
Baby,2. 8. 17 14:47,1 hr 56 min,
Baby,2. 8. 17 20:27,7 hrs 13 min,
Baby,3. 8. 17 04:40,3 hrs 20 min,
Baby,3. 8. 17 11:45,1 hr 30 min,
Baby,3. 8. 17 17:27,48 min,
Baby,3. 8. 17 23:00,7 hrs 15 min,
Baby,4. 8. 17 09:15,1 hr 10 min,
Baby,4. 8. 17 15:45,2 hrs,
Baby,4. 8. 17 21:34,9 hrs 21 min,
Baby,5. 8. 17 10:50,1 hr,
Baby,5. 8. 17 15:45,50 min,
Baby,5. 8. 17 21:15,10 hrs 35 min,
Baby,6. 8. 17 11:50,2 hrs 24 min,
Baby,6. 8. 17 20:42,11 hrs 8 min,
Baby,7. 8. 17 13:35,1 hr,
Baby,7. 8. 17 20:45,9 hrs 30 min,
Baby,8. 8. 17 11:30,44 min,
Baby,8. 8. 17 20:00,11 hrs 15 min,
Baby,9. 8. 17 12:05,2 hrs 10 min,
Baby,9. 8. 17 20:50,5 hrs 25 min,
Baby,10. 8. 17 04:55,4 hrs 50 min,
Baby,10. 8. 17 14:15,1 hr 54 min,
Baby,10. 8. 17 21:43,9 hrs 37 min,
Baby,11. 8. 17 13:50,1 hr 50 min,
Baby,11. 8. 17 21:05,10 hrs 15 min,
Baby,12. 8. 17 11:15,2 hrs,
Baby,12. 8. 17 19:35,6 hrs 10 min,
Baby,13. 8. 17 04:40,4 hrs 20 min,
Baby,13. 8. 17 12:25,1 hr 35 min,
Baby,13. 8. 17 21:38,8 hrs 17 min,
Baby,14. 8. 17 11:30,1 hr 50 min,
Baby,14. 8. 17 21:40,8 hrs 45 min,
Baby,15. 8. 17 10:39,2 hrs 5 min,
Baby,15. 8. 17 18:20,30 min,
Baby,15. 8. 17 22:00,7 hrs 5 min,
Baby,16. 8. 17 07:50,3 hrs 45 min,
Baby,16. 8. 17 15:35,2 hrs 26 min,
Baby,16. 8. 17 21:35,8 hrs 25 min,
Baby,17. 8. 17 09:15,2 hrs 9 min,
Baby,17. 8. 17 16:20,1 hr 40 min,
Baby,17. 8. 17 21:23,9 hrs 45 min,
Baby,18. 8. 17 11:15,2 hrs 35 min,
Baby,18. 8. 17 20:39,10 hrs 21 min,
Baby,19. 8. 17 11:08,1 hr 53 min,
Baby,19. 8. 17 19:10,7 hrs 50 min,
Baby,20. 8. 17 04:45,1 hr 44 min,
Baby,20. 8. 17 11:45,2 hrs 30 min,
Baby,20. 8. 17 21:19,9 hrs 41 min,
Baby,21. 8. 17 12:28,2 hrs 42 min,
Baby,21. 8. 17 20:10,10 hrs 50 min,
Baby,22. 8. 17 11:40,1 hr 21 min,
Baby,22. 8. 17 20:00,11 hrs 30 min,
Baby,23. 8. 17 11:10,2 hrs 30 min,
Baby,23. 8. 17 19:45,11 hrs 45 min,
Baby,24. 8. 17 11:40,1 hr 50 min,
Baby,24. 8. 17 20:30,11 hrs,
Baby,25. 8. 17 10:55,2 hrs 50 min,
Baby,25. 8. 17 20:20,8 hrs 10 min,
Baby,26. 8. 17 06:00,2 hrs 55 min,
Baby,26. 8. 17 12:32,33 min,
Baby,26. 8. 17 18:30,1 hr,
Baby,26. 8. 17 22:15,10 hrs 35 min,
Baby,27. 8. 17 11:45,20 min,
Baby,27. 8. 17 15:10,2 hrs 20 min,
Baby,27. 8. 17 22:00,10 hrs,
Baby,28. 8. 17 14:00,3 hrs,
Baby,28. 8. 17 22:25,9 hrs 40 min,
Baby,29. 8. 17 11:45,2 hrs 15 min,
Baby,29. 8. 17 20:15,8 hrs 35 min,
Baby,30. 8. 17 06:20,2 hrs 10 min,
Baby,30. 8. 17 11:45,2 hrs 30 min,
Baby,30. 8. 17 21:00,10 hrs,
Baby,31. 8. 17 11:45,2 hrs 30 min,
Baby,31. 8. 17 20:35,9 hrs 55 min,
Baby,1. 9. 17 19:26,12 hrs 39 min,
Baby,2. 9. 17 12:06,2 hrs 39 min,
Baby,2. 9. 17 20:20,3 hrs 55 min,
Baby,3. 9. 17 03:45,3 hrs 40 min,
Baby,3. 9. 17 12:59,2 hrs 21 min,
Baby,3. 9. 17 21:00,10 hrs 15 min,
Baby,4. 9. 17 12:00,2 hrs 30 min,
Baby,4. 9. 17 20:24,10 hrs 51 min,
Baby,5. 9. 17 12:30,2 hrs,
Baby,5. 9. 17 21:05,10 hrs 5 min,
Baby,6. 9. 17 12:30,2 hrs,
Baby,6. 9. 17 20:56,10 hrs 24 min,
Baby,7. 9. 17 12:30,1 hr 30 min,
Baby,7. 9. 17 19:57,11 hrs 23 min,
Baby,8. 9. 17 12:30,2 hrs,
Baby,8. 9. 17 20:45,11 hrs 20 min,
Baby,9. 9. 17 11:30,1 hr 45 min,
Baby,9. 9. 17 20:00,10 hrs 45 min,
Baby,10. 9. 17 13:45,3 hrs 15 min,
Baby,10. 9. 17 21:30,9 hrs 15 min,
Baby,11. 9. 17 12:30,2 hrs,
Baby,11. 9. 17 20:35,10 hrs 25 min,
Baby,12. 9. 17 12:30,2 hrs,
Baby,12. 9. 17 20:41,10 hrs 44 min,
Baby,13. 9. 17 12:30,2 hrs,
Baby,13. 9. 17 21:15,9 hrs 45 min,
Baby,14. 9. 17 12:30,2 hrs,
Baby,14. 9. 17 20:15,10 hrs 45 min,
Baby,15. 9. 17 12:30,2 hrs,
Baby,15. 9. 17 20:30,11 hrs 27 min,
Baby,16. 9. 17 11:45,2 hrs 15 min,
Baby,16. 9. 17 20:15,6 hrs 45 min,
Baby,17. 9. 17 06:20,40 min,
Baby,17. 9. 17 11:35,1 hr 40 min,
Baby,17. 9. 17 19:20,11 hrs 10 min,
Baby,18. 9. 17 12:30,2 hrs,
Baby,18. 9. 17 20:40,9 hrs 25 min,
Baby,19. 9. 17 12:30,2 hrs,
Baby,19. 9. 17 21:00,10 hrs 19 min,
Baby,20. 9. 17 12:30,2 hrs,
Baby,20. 9. 17 20:35,2 hrs 55 min,
Baby,21. 9. 17 02:55,4 hrs 25 min,
Baby,21. 9. 17 12:30,2 hrs,
Baby,21. 9. 17 20:42,10 hrs 38 min,
Baby,22. 9. 17 12:30,2 hrs,
Baby,22. 9. 17 20:00,10 hrs 30 min,
Baby,23. 9. 17 11:18,2 hrs 12 min,
Baby,23. 9. 17 19:40,12 hrs 10 min,
Baby,24. 9. 17 13:05,1 hr 50 min,
Baby,24. 9. 17 20:50,10 hrs 30 min,
Baby,25. 9. 17 12:30,2 hrs,
Baby,25. 9. 17 21:00,10 hrs 20 min,
Baby,26. 9. 17 12:30,2 hrs,
Baby,26. 9. 17 20:25,11 hrs 5 min,
Baby,27. 9. 17 12:30,2 hrs,
Baby,27. 9. 17 20:15,11 hrs 10 min,
Baby,28. 9. 17 12:30,2 hrs,
Baby,28. 9. 17 20:45,9 hrs 55 min,
Baby,29. 9. 17 12:30,2 hrs,
Baby,29. 9. 17 20:30,12 hrs,
Baby,30. 9. 17 12:30,2 hrs,
Baby,30. 9. 17 20:30,7 hrs,
Baby,1. 10. 17 05:38,3 hrs 22 min,
Baby,1. 10. 17 13:20,2 hrs 10 min,
Baby,1. 10. 17 20:00,11 hrs 20 min,
Baby,2. 10. 17 12:30,2 hrs,
Baby,2. 10. 17 20:05,5 hrs 35 min,
Baby,3. 10. 17 03:30,3 hrs 50 min,
Baby,3. 10. 17 12:30,2 hrs,
Baby,3. 10. 17 20:30,5 hrs 30 min,
Baby,4. 10. 17 02:50,2 hrs 10 min,
Baby,4. 10. 17 05:35,55 min,
Baby,4. 10. 17 12:30,2 hrs,
Baby,4. 10. 17 20:00,10 hrs 20 min,
Baby,5. 10. 17 21:00,5 hrs 10 min,
Baby,6. 10. 17 04:20,2 hrs 30 min,
Baby,6. 10. 17 12:30,2 hrs,
Baby,6. 10. 17 20:00,12 hrs 45 min,
Baby,7. 10. 17 12:45,2 hrs,
Baby,7. 10. 17 20:19,2 hrs 26 min,
Baby,8. 10. 17 01:39,5 hrs 36 min,
Baby,8. 10. 17 12:15,2 hrs 45 min,
Baby,8. 10. 17 20:20,10 hrs 25 min,
Baby,9. 10. 17 12:30,2 hrs,
Baby,9. 10. 17 20:55,9 hrs 50 min,
Baby,10. 10. 17 12:05,3 hrs 40 min,
Baby,10. 10. 17 21:20,6 hrs,
Baby,11. 10. 17 05:20,2 hrs 15 min,
Baby,11. 10. 17 12:30,2 hrs,
Baby,11. 10. 17 20:20,11 hrs 5 min,
Baby,12. 10. 17 12:30,2 hrs,
Baby,12. 10. 17 21:00,10 hrs 25 min,
Baby,13. 10. 17 12:30,2 hrs,
Baby,13. 10. 17 20:23,12 hrs 7 min,
Baby,14. 10. 17 12:44,2 hrs 36 min,
Baby,14. 10. 17 20:46,6 hrs 4 min,
Baby,15. 10. 17 05:50,2 hrs 10 min,
Baby,15. 10. 17 12:56,2 hrs 29 min,
Baby,15. 10. 17 21:00,10 hrs 15 min,
Baby,16. 10. 17 12:30,2 hrs,
Baby,16. 10. 17 21:00,10 hrs 20 min,
Baby,17. 10. 17 12:30,1 hr 59 min,
Baby,17. 10. 17 20:20,10 hrs 35 min,
Baby,18. 10. 17 12:30,2 hrs,
Baby,18. 10. 17 20:25,10 hrs,
Baby,19. 10. 17 12:30,2 hrs,
Baby,19. 10. 17 19:45,10 hrs 35 min,
Baby,20. 10. 17 12:30,2 hrs,
Baby,20. 10. 17 20:15,9 hrs 56 min,
Baby,21. 10. 17 12:35,2 hrs 20 min,
Baby,21. 10. 17 20:20,10 hrs 50 min,
Baby,22. 10. 17 12:00,2 hrs 51 min,
Baby,22. 10. 17 20:10,8 hrs 20 min,
Baby,23. 10. 17 06:00,1 hr 20 min,
Baby,23. 10. 17 12:30,2 hrs,
Baby,23. 10. 17 20:25,10 hrs 55 min,
Baby,24. 10. 17 12:30,2 hrs,
Baby,24. 10. 17 20:10,10 hrs 10 min,
Baby,25. 10. 17 12:30,2 hrs,
Baby,25. 10. 17 20:35,10 hrs 34 min,
Baby,26. 10. 17 12:30,2 hrs,
Baby,26. 10. 17 20:35,10 hrs 40 min,
Baby,27. 10. 17 12:30,2 hrs,
Baby,27. 10. 17 20:20,10 hrs 25 min,
Baby,28. 10. 17 11:33,2 hrs 22 min,
Baby,28. 10. 17 20:15,12 hrs,
Baby,29. 10. 17 12:27,2 hrs 13 min,
Baby,29. 10. 17 20:25,10 hrs 15 min,
Baby,30. 10. 17 11:55,2 hrs 11 min,
Baby,30. 10. 17 19:47,11 hrs 28 min,
Baby,31. 10. 17 11:10,2 hrs,
Baby,31. 10. 17 19:26,8 hrs 34 min,
Baby,1. 11. 17 06:00,2 hrs,
Baby,1. 11. 17 12:50,2 hrs 42 min,
Baby,1. 11. 17 20:40,4 hrs 20 min,
Baby,2. 11. 17 01:40,1 hr 59 min,
Baby,2. 11. 17 04:00,4 hrs 15 min,
Baby,2. 11. 17 13:40,2 hrs,
Baby,2. 11. 17 20:50,5 hrs 40 min,
Baby,3. 11. 17 04:00,3 hrs 29 min,
Baby,3. 11. 17 12:30,1 hr 45 min,
Baby,3. 11. 17 20:15,10 hrs 5 min,
Baby,4. 11. 17 11:50,2 hrs 29 min,
Baby,4. 11. 17 20:30,7 hrs 50 min,
Baby,5. 11. 17 06:30,1 hr,
Baby,5. 11. 17 11:20,2 hrs 15 min,
Baby,5. 11. 17 19:30,11 hrs 35 min,
Baby,6. 11. 17 12:30,2 hrs,
Baby,6. 11. 17 20:20,10 hrs 10 min,
Baby,7. 11. 17 12:30,2 hrs,
Baby,7. 11. 17 20:30,10 hrs 45 min,
Baby,8. 11. 17 12:30,2 hrs,
Baby,8. 11. 17 20:25,10 hrs 19 min,
Baby,9. 11. 17 12:30,2 hrs,
Baby,9. 11. 17 20:30,10 hrs 51 min,
Baby,10. 11. 17 12:30,2 hrs,
Baby,10. 11. 17 20:32,10 hrs 13 min,
Baby,11. 11. 17 11:34,2 hrs 21 min,
Baby,11. 11. 17 19:45,4 hrs 45 min,
Baby,12. 11. 17 04:25,3 hrs 5 min,
Baby,12. 11. 17 12:20,2 hrs 47 min,
Baby,12. 11. 17 20:20,11 hrs 13 min,
Baby,13. 11. 17 12:30,2 hrs,
Baby,13. 11. 17 20:45,10 hrs 5 min,
Baby,14. 11. 17 12:30,2 hrs,
Baby,14. 11. 17 20:30,4 hrs 10 min,
Baby,15. 11. 17 02:50,4 hrs 50 min,
Baby,15. 11. 17 12:30,2 hrs,
Baby,15. 11. 17 20:20,10 hrs 58 min,
Baby,16. 11. 17 12:30,2 hrs,
Baby,16. 11. 17 20:20,11 hrs 5 min,
Baby,17. 11. 17 12:30,2 hrs,
Baby,17. 11. 17 20:40,10 hrs 52 min,
Baby,18. 11. 17 11:09,1 hr 56 min,
Baby,18. 11. 17 20:20,3 hrs 20 min,
Baby,19. 11. 17 03:02,5 hrs 13 min,
Baby,19. 11. 17 12:33,2 hrs 9 min,
Baby,19. 11. 17 20:40,10 hrs 39 min,
Baby,20. 11. 17 12:30,2 hrs,
Baby,20. 11. 17 20:15,11 hrs 5 min,
Baby,21. 11. 17 12:30,2 hrs,
Baby,21. 11. 17 20:30,10 hrs 50 min,
Baby,22. 11. 17 12:30,2 hrs,
Baby,22. 11. 17 20:20,11 hrs,
Baby,23. 11. 17 12:30,2 hrs,
Baby,23. 11. 17 19:50,10 hrs 55 min,
Baby,24. 11. 17 12:30,1 hr 59 min,
Baby,24. 11. 17 21:10,8 hrs 30 min,
Baby,25. 11. 17 11:00,2 hrs 34 min,
Baby,25. 11. 17 19:45,10 hrs,
Baby,26. 11. 17 11:05,3 hrs 31 min,
Baby,26. 11. 17 20:15,9 hrs 55 min,
Baby,27. 11. 17 12:30,2 hrs,
Baby,27. 11. 17 20:10,10 hrs 35 min,
Baby,28. 11. 17 12:30,2 hrs,
Baby,28. 11. 17 21:30,9 hrs 14 min,
Baby,29. 11. 17 12:30,2 hrs,
Baby,29. 11. 17 20:10,11 hrs 16 min,
Baby,30. 11. 17 14:15,2 hrs 30 min,
Baby,30. 11. 17 21:30,2 hrs 50 min,
Baby,1. 12. 17 03:30,4 hrs,
Baby,1. 12. 17 12:30,2 hrs,
Baby,1. 12. 17 19:30,12 hrs 10 min,
Baby,2. 12. 17 12:15,2 hrs 38 min,
Baby,2. 12. 17 22:00,8 hrs 30 min,
Baby,3. 12. 17 12:13,2 hrs 52 min,
Baby,3. 12. 17 21:20,10 hrs,
Baby,4. 12. 17 12:30,1 hr 59 min,
Baby,4. 12. 17 21:00,10 hrs,
Baby,5. 12. 17 12:30,2 hrs,
Baby,5. 12. 17 20:10,2 hrs 35 min,
Baby,6. 12. 17 01:35,5 hrs 45 min,
Baby,6. 12. 17 12:30,2 hrs,
Baby,6. 12. 17 20:15,11 hrs 15 min,
Baby,7. 12. 17 12:30,2 hrs 30 min,
Baby,7. 12. 17 20:40,4 hrs 50 min,
Baby,8. 12. 17 04:50,2 hrs 30 min,
Baby,8. 12. 17 12:30,2 hrs,
Baby,8. 12. 17 20:45,11 hrs 15 min,
Baby,9. 12. 17 11:20,2 hrs 51 min,
Baby,9. 12. 17 20:20,3 hrs 20 min,
Baby,10. 12. 17 01:25,5 hrs 35 min,
Baby,10. 12. 17 11:35,4 hrs 5 min,
Baby,10. 12. 17 21:45,9 hrs 4 min,
Baby,11. 12. 17 12:30,2 hrs,
Baby,11. 12. 17 19:55,11 hrs 30 min,
Baby,12. 12. 17 12:30,2 hrs,
Baby,12. 12. 17 20:20,6 hrs 20 min,
Baby,13. 12. 17 05:10,2 hrs 41 min,
Baby,13. 12. 17 12:30,2 hrs,
Baby,13. 12. 17 19:15,11 hrs 30 min,
Baby,14. 12. 17 12:30,2 hrs,
Baby,14. 12. 17 20:30,10 hrs 9 min,
Baby,15. 12. 17 12:30,2 hrs,
Baby,15. 12. 17 20:45,35 min,
Baby,15. 12. 17 22:20,8 hrs 40 min,
Baby,16. 12. 17 12:20,2 hrs 50 min,
Baby,16. 12. 17 20:00,7 hrs 30 min,
Baby,17. 12. 17 05:30,3 hrs 10 min,
Baby,17. 12. 17 13:05,3 hrs 15 min,
Baby,17. 12. 17 21:15,10 hrs 9 min,
Baby,18. 12. 17 12:30,2 hrs,
Baby,18. 12. 17 19:50,11 hrs 30 min,
Baby,19. 12. 17 12:30,2 hrs,
Baby,19. 12. 17 20:10,11 hrs 10 min,
Baby,20. 12. 17 12:30,2 hrs,
Baby,20. 12. 17 20:55,10 hrs 24 min,
Baby,21. 12. 17 12:30,2 hrs,
Baby,21. 12. 17 19:40,5 hrs 5 min,
Baby,22. 12. 17 03:51,3 hrs 44 min,
Baby,22. 12. 17 12:30,2 hrs,
Baby,22. 12. 17 18:51,8 hrs 39 min,
Baby,23. 12. 17 05:47,2 hrs 3 min,
Baby,23. 12. 17 12:40,2 hrs 5 min,
Baby,23. 12. 17 20:40,10 hrs 10 min,
Baby,24. 12. 17 12:50,1 hr 50 min,
Baby,24. 12. 17 18:15,1 hr 55 min,
Baby,24. 12. 17 23:00,7 hrs 45 min,
Baby,25. 12. 17 09:35,1 hr 39 min,
Baby,25. 12. 17 15:06,2 hrs 44 min,
Baby,25. 12. 17 22:19,9 hrs 41 min,
Baby,26. 12. 17 13:15,2 hrs 50 min,
Baby,26. 12. 17 21:35,10 hrs 35 min,
Baby,27. 12. 17 11:55,2 hrs 1 min,
Baby,27. 12. 17 21:00,10 hrs 30 min,
Baby,28. 12. 17 11:55,2 hrs 31 min,
Baby,28. 12. 17 20:10,7 hrs 55 min,
Baby,29. 12. 17 06:40,2 hrs 30 min,
Baby,29. 12. 17 13:30,2 hrs 45 min,
Baby,29. 12. 17 21:25,6 hrs 20 min,
Baby,30. 12. 17 08:00,2 hrs 20 min,
Baby,30. 12. 17 14:10,1 hr 45 min,
Baby,30. 12. 17 21:20,5 hrs 35 min,
Baby,31. 12. 17 05:30,3 hrs 24 min,
Baby,31. 12. 17 14:40,3 hrs,
Baby,31. 12. 17 23:13,10 hrs 7 min,
Baby,1. 1. 18 13:40,3 hrs 20 min,
Baby,1. 1. 18 22:40,9 hrs,
Baby,2. 1. 18 12:27,2 hrs 33 min,
Baby,2. 1. 18 21:50,5 hrs 40 min,
Baby,3. 1. 18 05:30,1 hr 50 min,
Baby,3. 1. 18 12:30,2 hrs,
Baby,3. 1. 18 19:40,8 hrs 25 min,
Baby,4. 1. 18 05:50,1 hr 35 min,
Baby,4. 1. 18 12:30,2 hrs,
Baby,4. 1. 18 20:40,10 hrs 53 min,
Baby,5. 1. 18 12:30,2 hrs,
Baby,5. 1. 18 20:20,10 hrs 10 min,
Baby,6. 1. 18 11:30,3 hrs,
Baby,6. 1. 18 21:25,4 hrs 55 min,
Baby,7. 1. 18 05:40,2 hrs 50 min,
Baby,7. 1. 18 12:45,3 hrs 15 min,
Baby,7. 1. 18 21:40,5 hrs 50 min,
Baby,8. 1. 18 05:40,1 hr 55 min,
Baby,8. 1. 18 12:30,2 hrs,
Baby,8. 1. 18 21:10,10 hrs 25 min,
Baby,9. 1. 18 12:30,2 hrs,
Baby,9. 1. 18 21:30,9 hrs 50 min,
Baby,10. 1. 18 12:40,2 hrs 35 min,
Baby,10. 1. 18 21:10,9 hrs 35 min,
Baby,11. 1. 18 10:30,1 hr 45 min,
Baby,11. 1. 18 21:50,9 hrs 25 min,
Baby,12. 1. 18 10:50,1 hr 30 min,
Baby,12. 1. 18 16:15,1 hr 50 min,
Baby,12. 1. 18 22:21,10 hrs 9 min,
Baby,13. 1. 18 13:10,2 hrs 35 min,
Baby,13. 1. 18 22:10,11 hrs,
Baby,14. 1. 18 13:10,2 hrs 44 min,
Baby,14. 1. 18 19:45,4 hrs 45 min,
Baby,15. 1. 18 04:35,4 hrs 25 min,
Baby,15. 1. 18 13:10,3 hrs 5 min,
Baby,15. 1. 18 21:45,10 hrs 25 min,
Baby,16. 1. 18 12:30,2 hrs,
Baby,16. 1. 18 19:40,11 hrs 50 min,
Baby,17. 1. 18 12:30,2 hrs,
Baby,17. 1. 18 21:00,6 hrs 59 min,
Baby,18. 1. 18 05:40,1 hr 40 min,
Baby,18. 1. 18 12:30,2 hrs,
Baby,18. 1. 18 20:30,4 hrs 45 min,
Baby,19. 1. 18 04:40,2 hrs 45 min,
Baby,19. 1. 18 12:30,2 hrs,
Baby,19. 1. 18 19:40,5 hrs 45 min,
Baby,20. 1. 18 04:45,3 hrs 30 min,
Baby,20. 1. 18 12:55,1 hr 40 min,
Baby,20. 1. 18 20:54,9 hrs 36 min,
Baby,21. 1. 18 10:50,2 hrs 30 min,
Baby,21. 1. 18 21:15,10 hrs 22 min,
Baby,22. 1. 18 12:30,2 hrs,
Baby,22. 1. 18 19:55,9 hrs 20 min,
Baby,23. 1. 18 12:30,2 hrs,
Baby,23. 1. 18 19:40,11 hrs 30 min,
Baby,24. 1. 18 12:30,2 hrs,
Baby,24. 1. 18 19:54,11 hrs 26 min,
Baby,25. 1. 18 12:30,2 hrs,
Baby,25. 1. 18 20:50,9 hrs 10 min,
Baby,26. 1. 18 12:30,2 hrs,
Baby,26. 1. 18 19:45,10 hrs 45 min,
Baby,27. 1. 18 12:40,35 min,
Baby,27. 1. 18 19:10,,